"Namn","E-post","Matpreferenser","Gick med event","Skola","Biljett","Biljett-ID","Biljett använd","Valfritt: Önska EN person att gå med (skapa par, inga kedjor), för och efternamn"
"Adam Hult","tfc7m79cb8@privaterelay.appleid.com","-","27 Sep 2026 19:15","Uppsala Universitet > Uppsala teknolog- och naturvetarkår (UTN)  > H-sektionen","Pubrunda Biljett","idDIaJ1MabiMRQJE","-","Livia Jansson"
"Albin Sunnerud","albin.sunnerud@gmail.com","-","25 Sep 2026 12:15","Uppsala Universitet > Uppsala teknolog- och naturvetarkår (UTN)  > H-sektionen","Pubrunda Biljett","wLzdouEoRxxJmVs0","-","Melvin Jansson"
"Albin Wahlström","albin.wahlstrom@gmail.com","-","25 Sep 2026 12:21","Uppsala Universitet > Uppsala teknolog- och naturvetarkår (UTN)  > H-sektionen","Pubrunda Biljett","7VeRkEOmxafR5FPK","-","-"
"Alexander Hedin","alexanderhedin75@gmail.com","-","25 Sep 2026 13:12","Uppsala Universitet > Uppsala teknolog- och naturvetarkår (UTN) ","Pubrunda Biljett","l1iM26zGZg0Y2tQd","-","-"
"Alex Olofsson","alle.olofsson03@gmail.com","Glutenfri","25 Sep 2026 12:18","Uppsala Universitet > Uppsala teknolog- och naturvetarkår (UTN)  > H-sektionen","Pubrunda Biljett","2waiCJmEqKDQdanu","-","Hannes Bergvall"
"Alfred Persson","alfredpersson04@hotmail.com","-","25 Sep 2026 13:04","Uppsala Universitet > Uppsala teknolog- och naturvetarkår (UTN)  > H-sektionen","Pubrunda Biljett","b3VOjuG9yWIVeysH","-","Melvin Boussard"
"Alfred Taajoranta","alfredtaajoranta@outlook.com","-","25 Sep 2026 12:15","Uppsala Universitet > Uppsala teknolog- och naturvetarkår (UTN)  > H-sektionen","Pubrunda Biljett","9pdjHRjHOktvu3iE","-","William Bergman"
"Alice Andersson","aliceand05@yahoo.com","-","27 Sep 2026 01:46","Uppsala Universitet > Uppsala teknolog- och naturvetarkår (UTN)  > H-sektionen","Pubrunda Biljett","bpoyQ1kwLRK9DAJe","-","Bida"
"Amanda Hägg","amanda.hagg@yahoo.se","-","25 Sep 2026 12:26","Uppsala Universitet > Uppsala teknolog- och naturvetarkår (UTN)  > H-sektionen","Pubrunda Biljett","HWgALAWTPqjZbhcH","-","BIDA"
"Andreas Klingberg","klingan.klingberg@gmail.com","-","26 Sep 2026 13:40","Uppsala Universitet > Uppsala teknolog- och naturvetarkår (UTN) ","Pubrunda Biljett","OvGzQN1ClhsRkLEP","-","Torkel Löfling"
"Arvid Carlsson","arresnubben@gmail.com","-","25 Sep 2026 12:21","Uppsala Universitet > Uppsala teknolog- och naturvetarkår (UTN)  > H-sektionen","Pubrunda Biljett","0I7Tqm4NkZ4Cujvz","-","-"
"Axel Känngård","axelkanngard02@gmail.com","-","25 Sep 2026 14:58","Uppsala Universitet >  Annat / Other ","Pubrunda Biljett","BVrQLjEONCxuJZEr","-","Nils Friden"
"Axel Svahn","64axel64@gmail.com","-","25 Sep 2026 12:16","Uppsala Universitet > Uppsala teknolog- och naturvetarkår (UTN)  > H-sektionen","Pubrunda Biljett","JbI7zOZKZmS9ODKH","-","Nils"
"Axel Westman","axel.wman@gmail.com","-","27 Sep 2026 11:45","Uppsala Universitet > Uppsala teknolog- och naturvetarkår (UTN)  > BAS-sektionen","Pubrunda Biljett","CNKht2vppWZzYaQh","-","Torkel Löfling"
"Benjamin Rendel","benjamin.rendel@gmail.com","-","25 Sep 2026 19:24","Uppsala Universitet > Uppsala teknolog- och naturvetarkår (UTN) ","Pubrunda Biljett","x4PjISErvmoZaJ9B","-","-"
"Camelia Rajaie","cameliar0416@gmail.com","-","25 Sep 2026 14:16","Uppsala Universitet > Uppsala teknolog- och naturvetarkår (UTN)  > H-sektionen","Pubrunda Biljett","jhp6kJmvqNs7gSmH","-","Elin Krohné"
"Carl Juthberg","cjuthberg@gmail.com","-","25 Sep 2026 12:17","Uppsala Universitet > Uppsala teknolog- och naturvetarkår (UTN) ","Pubrunda Biljett","WDcsQV2wlbIKlDLh","-","Gustav Samuelsson"
"Carl Stafberg","carlstafberg@gmail.com","-","25 Sep 2026 12:16","Uppsala Universitet >  Annat / Other ","Pubrunda Biljett","8a5SB0YxKWUFyDcM","-","Hugo Sundell"
"Cornelia Hermansson","cornelia.hermansson2002@gmail.com","-","25 Sep 2026 13:59","Uppsala Universitet > Uppsala teknolog- och naturvetarkår (UTN)  > H-sektionen","Pubrunda Biljett","N7hCvf7sAjB4DcnB","-","Nils Fridén"
"Danijela Bremler","danijela2002@hotmail.se","-","25 Sep 2026 12:15","Uppsala Universitet > Uppsala teknolog- och naturvetarkår (UTN)  > H-sektionen","Pubrunda Biljett","MHrz068XPTjsMODZ","-","Lovisa Hovberg"
"Ebba Berg","kalleebba@icloud.com","-","25 Sep 2026 12:17","Uppsala Universitet > Uppsala teknolog- och naturvetarkår (UTN)  > H-sektionen","Pubrunda Biljett","LMUzHclLoF3dEYqL","-","Nils fridén"
"Ebba Bergström","ebbabergstrom4@gmail.com","-","25 Sep 2026 12:16","Uppsala Universitet > Uppsala teknolog- och naturvetarkår (UTN)  > H-sektionen","Pubrunda Biljett","tYdytXf9jZTXYTpF","-","Signe Elf Boberg"
"Ebba Markebrant","ebba.markebrant@gmail.com","-","25 Sep 2026 13:26","Uppsala Universitet > Uppsala teknolog- och naturvetarkår (UTN)  > BAS-sektionen","Pubrunda Biljett","fq47NCqL77u2wy70","-","Julia Ivansson"
"Edvin Olsson","edvols07@gmail.com","-","25 Sep 2026 13:23","Uppsala Universitet > Uppsala teknolog- och naturvetarkår (UTN)  > BÄR-Sektionen","Pubrunda Biljett","cmaJuALr8EDfFxkZ","-","Hannes Bergvall"
"Edvin Wallman","edvin.wallman.9833@student.uu.se","-","25 Sep 2026 12:15","Uppsala Universitet > Uppsala teknolog- och naturvetarkår (UTN)  > H-sektionen","Pubrunda Biljett","7ZPXArdU38Rdwldh","-","Max Mortensen"
"Elcim Kilic","elcimkilic@hotmail.com","-","25 Sep 2026 12:15","Uppsala Universitet","Pubrunda Biljett","AHB573Kk5lh7xUJO","-","Ines"
"Elias Hedström","elhedwig@gmail.com","-","25 Sep 2026 12:15","Uppsala Universitet > Uppsala teknolog- och naturvetarkår (UTN)  > H-sektionen","Pubrunda Biljett","wTQ4WLIsYdJCHsfQ","-","Filip Hellström"
"Elina Larsson","elina.larsson567@hotmail.com","-","25 Sep 2026 12:16","Uppsala Universitet > Uppsala teknolog- och naturvetarkår (UTN) ","Pubrunda Biljett","ds3y2eB1xyBg5G7L","-","Julia Ivansson"
"Elin Krohné","xiaolu.krohne@gmail.com","-","25 Sep 2026 14:38","Uppsala Universitet > Uppsala teknolog- och naturvetarkår (UTN)  > H-sektionen","Pubrunda Biljett","ajvuGnajePEbSe9y","-","Camelia Rajaie"
"Ella Heick","solheick@gmail.com","-","25 Sep 2026 13:34","Uppsala Universitet > Uppsala teknolog- och naturvetarkår (UTN)  > BAS-sektionen","Pubrunda Biljett","dPyzHt4r2U1LB1YU","-","-"
"Ella Norgren","ella.norgren1@gmail.com","-","25 Sep 2026 12:15","Uppsala Universitet > Uppsala teknolog- och naturvetarkår (UTN)  > H-sektionen","Pubrunda Biljett","8K9aP3zHBI12Lf2V","-","-"
"Ellen Lindblom","ellen.06.lindblom@icloud.com","-","25 Sep 2026 12:19","Uppsala Universitet > Uppsala teknolog- och naturvetarkår (UTN)  > H-sektionen","Pubrunda Biljett","4sXg3e2hNCWWMH1L","-","-"
"Elliot Ellison","elliot.ellison123@gmail.com","-","25 Sep 2026 12:43","Uppsala Universitet > Uppsala teknolog- och naturvetarkår (UTN)  > H-sektionen","Pubrunda Biljett","1u822DtsnMkOXYtk","-","Nils Friden"
"Elliot Thunell","elliot.thunell@outlook.com","inga preferenser","25 Sep 2026 14:29","Uppsala Universitet > Uppsala teknolog- och naturvetarkår (UTN)  > H-sektionen","Pubrunda Biljett","Skjm7XFr6IMXXZew","-","Ludvig Sveronius"
"Elsa Edsgård","elsa.edsgard@gmail.com","-","25 Sep 2026 13:50","Uppsala Universitet > Uppsala teknolog- och naturvetarkår (UTN)  > H-sektionen","Pubrunda Biljett","KNfNeakzcE0Nisb7","-","Erik heder"
"Emilia Lindblom","lindblomsemilia@gmail.com","-","25 Sep 2026 12:15","Uppsala Universitet >  Annat / Other ","Pubrunda Biljett","i5qddHRNnnKEqJMv","-","Julia"
"Emilia Voxlin","emilia@voxlin.se","-","25 Sep 2026 12:16","Uppsala Universitet > Uppsala teknolog- och naturvetarkår (UTN)  > H-sektionen","Pubrunda Biljett","s1rJBaPEL3QgrgpT","-","-"
"Emil Jansson","emilj0308@hotmail.com","-","27 Sep 2026 09:34","Uppsala Universitet >  Annat / Other ","Pubrunda Biljett","YHAWSWNAxihrevZk","-","William Bergman"
"Emma Danielsson","daniielsson.emma@gmail.com","-","25 Sep 2026 12:57","Uppsala Universitet > Uppsala teknolog- och naturvetarkår (UTN)  > H-sektionen","Pubrunda Biljett","SsZZh53EMUhm88zn","-","Bida"
"Emma Magnusson","emmamagnusson05@gmail.com","-","26 Sep 2026 12:21","Uppsala Universitet > Uppsala teknolog- och naturvetarkår (UTN)  > H-sektionen","Pubrunda Biljett","dNRB28YKrhDKWucS","-","Evelina"
"Emrik Ekvall","emrik.ekvall@gmail.com","-","25 Sep 2026 13:02","Uppsala Universitet > Uppsala teknolog- och naturvetarkår (UTN)  > H-sektionen","Pubrunda Biljett","cpJpsa1f8tmFezKq","-","Melvin Boussard"
"Erik Heder","erik.m.heder@gmail.com","-","25 Sep 2026 12:15","Uppsala Universitet > Uppsala teknolog- och naturvetarkår (UTN)  > H-sektionen","Pubrunda Biljett","NRvACUhdYiJ3JHCj","-","Hugo Johansson Sundvall"
"Erik Pahlen","erikpahlen@gmail.com","-","25 Sep 2026 12:21","Stockholm University > Föreningen ekonomerna","Pubrunda Biljett","pyNo9dd5CvZ1eYXf","-","Hugo Sundell"
"Evelina Johnsson","evelina.j04@hotmail.com","-","25 Sep 2026 14:16","Uppsala Universitet > Uppsala teknolog- och naturvetarkår (UTN)  > H-sektionen","Pubrunda Biljett","pKUagM6qCVBFetUe","-","BIDA"
"Federica Varela","varelaafederica@gmail.com","-","25 Sep 2026 12:19","Uppsala Universitet > Uppsala teknolog- och naturvetarkår (UTN) ","Pubrunda Biljett","hFor4D2yk3cbkNiY","-","Othilia"
"Felicia Malkan Juvelin","felicia.maljuv@gmail.com","-","25 Sep 2026 12:15","Uppsala Universitet > Uppsala teknolog- och naturvetarkår (UTN) ","Pubrunda Biljett","0Oa36gWzghUjTYkI","-","Sigrid"
"Filip Hellström","filip.hellstrom0410@gmail.com","-","25 Sep 2026 12:17","Uppsala Universitet > Uppsala teknolog- och naturvetarkår (UTN)  > H-sektionen","Pubrunda Biljett","3zvd4lUf5Ra1xhNZ","-","Jonny Eriksson"
"Gustav Hårrskog","gustav.harrskog.6928@student.uu.se","-","25 Sep 2026 12:16","Uppsala Universitet > Uppsala teknolog- och naturvetarkår (UTN)  > H-sektionen","Pubrunda Biljett","QcySKvpyFI5fzFmC","-","Jona"
"Gustav Samuelsson","gussam05@gmail.com","-","25 Sep 2026 12:16","Uppsala Universitet > Uppsala teknolog- och naturvetarkår (UTN)  > H-sektionen","Pubrunda Biljett","wi4iueiNkh1cXPcb","-","Per Kolseth"
"Gustav Spångberg","gustav.spangberg@hotmail.com","-","25 Sep 2026 12:26","Uppsala Universitet > Uppsala teknolog- och naturvetarkår (UTN)  > H-sektionen","Pubrunda Biljett","HlQcX1lRKvU60kAD","-","Amanda hägg"
"Hanna Skarman","hannaskarman@gmail.com","-","25 Sep 2026 12:19","Uppsala Universitet > Uppsala teknolog- och naturvetarkår (UTN)  > H-sektionen","Pubrunda Biljett","peOW9UPgkxj7K6wM","-","Ella H"
"Hannes Bergvall","hannes.bergvall@gmail.com","-","25 Sep 2026 12:16","Uppsala Universitet > Uppsala teknolog- och naturvetarkår (UTN)  > H-sektionen","Pubrunda Biljett","mBe27culuETgOLBW","-","Edvin"
"Hannes Järlsäter","hannes.jarlsater@gmail.com","-","25 Sep 2026 15:37","Uppsala Universitet > Uppsala teknolog- och naturvetarkår (UTN) ","Pubrunda Biljett","Osqgz38UGWKVSqj2","-","Hannes Bergvall"
"Henrik Sjöberg","henrik.sjoberg07@outlook.com","-","25 Sep 2026 12:15","Uppsala Universitet > Uppsala teknolog- och naturvetarkår (UTN) ","Pubrunda Biljett","6PsYQjVhIbZ6P3xP","-","Josef"
"Hilda Arnesson","hilda.arnesson.1303@student.uu.se","-","27 Sep 2026 09:34","Uppsala Universitet > Uppsala teknolog- och naturvetarkår (UTN)  > H-sektionen","Pubrunda Biljett","kolBnKYOLtQ9Mc0J","-","Nils friden"
"Hugo Håkansson","hugo.g.hakansson@gmail.com","-","25 Sep 2026 12:16","Uppsala Universitet > Uppsala teknolog- och naturvetarkår (UTN)  > H-sektionen","Pubrunda Biljett","VaCFeBg5W8MOuAee","-","Melvin Jansson"
"Hugo Johansson Sundvall","hugojohanssonsundvall@gmail.com","-","25 Sep 2026 12:15","Uppsala Universitet > Uppsala teknolog- och naturvetarkår (UTN)  > H-sektionen","Pubrunda Biljett","ruVUObSSq5svkyMo","-","Erik Heder"
"Hugo Sundell","hugo.sundell05@gmail.com","-","25 Sep 2026 12:16","Uppsala Universitet > Uppsala teknolog- och naturvetarkår (UTN)  > H-sektionen","Pubrunda Biljett","eYhzzwwgJTZVRtFY","-","Carl Stafberg"
"Ida Christersson","87f5mz4y92@privaterelay.appleid.com","-","25 Sep 2026 12:40","Uppsala Universitet > Uppsala teknolog- och naturvetarkår (UTN) ","Pubrunda Biljett","SY2wa9vEMAOG9o1R","-","-"
"ines brankovic","ines.brankovic2007@outlook.com","-","25 Sep 2026 12:16","Uppsala Universitet > Uppsala teknolog- och naturvetarkår (UTN) ","Pubrunda Biljett","MkzuqgflbbQBrAyb","-","Elcim från maskin"
"Isak Norén","isak.noren@icloud.com","-","25 Sep 2026 14:18","Uppsala Universitet > Uppsala teknolog- och naturvetarkår (UTN)  > H-sektionen","Pubrunda Biljett","zjLAtT1A2Hu3DPXs","-","Simon Medelberg"
"Isak Sjöstarnd","isse2012.is@gmail.com","-","25 Sep 2026 12:21","Uppsala Universitet > Uppsala teknolog- och naturvetarkår (UTN)  > H-sektionen","Pubrunda Biljett","shhowY2u3wySGMO8","-","Per"
"Isidor Okonor","isidor.okonor.9745@student.uu.se","inga","27 Sep 2026 16:23","Uppsala Universitet > Uppsala teknolog- och naturvetarkår (UTN)  > H-sektionen","Pubrunda Biljett","R3eiIEbSL65ONo1m","-","Kian"
"Ivar Erixon","ivar.erixon@icloud.com","-","25 Sep 2026 14:01","Uppsala Universitet > Uppsala teknolog- och naturvetarkår (UTN)  > H-sektionen","Pubrunda Biljett","g9c8SIrYvd3wRRfC","-","Elliot"
"Iza Bornebrink","gbcj989f6y@privaterelay.appleid.com","-","25 Sep 2026 12:19","Uppsala Universitet > Uppsala teknolog- och naturvetarkår (UTN) ","Pubrunda Biljett","8T0r6Kusr9779To6","-","-"
"Jenny Johannesson","jenny.johannesson02@gmail.com","Ingen kyckling","25 Sep 2026 12:17","Uppsala Universitet > Uppsala teknolog- och naturvetarkår (UTN)  > H-sektionen","Pubrunda Biljett","EDfJTpdsSiiaoCLI","-","Nils fridén"
"Joel Myhre Nyberg","joelmyhrenyberg@gmail.com","Allt","25 Sep 2026 12:33","Uppsala Universitet > Uppsala teknolog- och naturvetarkår (UTN)  > H-sektionen","Pubrunda Biljett","bkeQkqsZ13JAuqVt","-","Max lindström"
"Johan James","johan.james.jj@gmail.com","-","25 Sep 2026 12:18","Uppsala Universitet > Uppsala teknolog- och naturvetarkår (UTN)  > H-sektionen","Pubrunda Biljett","HOyThVhg1sjMoqXH","-","Melvin Jansson"
"Jonathan Wickzell","jonathan.wickzell@gmail.com","-","25 Sep 2026 12:16","Uppsala Universitet > Uppsala teknolog- och naturvetarkår (UTN)  > BAS-sektionen","Pubrunda Biljett","0ZI4L16o7FTxdo7V","-","-"
"Jonny Eriksson","jonnybalo@gmail.com","-","25 Sep 2026 12:15","Uppsala Universitet > Uppsala teknolog- och naturvetarkår (UTN)  > H-sektionen","Pubrunda Biljett","SIBiB30VEtP10lsN","-","Filip Hellström"
"Joseph Alfredeen","joseph.alfredeen.05@gmail.com","-","25 Sep 2026 12:16","Uppsala Universitet > Uppsala teknolog- och naturvetarkår (UTN)  > MAT-Sektionen","Pubrunda Biljett","anRzLj4PciKNXLpQ","-","Gustav"
"Julia Almqvist","julia.emma.almqvist@gmail.com","-","25 Sep 2026 14:02","Uppsala Universitet > Uppsala teknolog- och naturvetarkår (UTN)  > H-sektionen","Pubrunda Biljett","gyUZhTkWURyFShO7","-","Sanna Borrman"
"Julia Degrér","hn99cdd579@privaterelay.appleid.com","-","25 Sep 2026 12:15","Uppsala Universitet > Uppsala teknolog- och naturvetarkår (UTN)  > H-sektionen","Pubrunda Biljett","ZH6qwVADJRatSCvK","-","Emilia/Hanna"
"Julia Ivansson","julia14.ivansson@gmail.com","-","25 Sep 2026 12:16","Uppsala Universitet > Uppsala teknolog- och naturvetarkår (UTN)  > H-sektionen","Pubrunda Biljett","ThaybblKENt0n9Ov","-","Elina Larsson"
"Julia Lysén","julia.mm.lysen@gmail.com","-","25 Sep 2026 12:18","Uppsala Universitet > Uppsala teknolog- och naturvetarkår (UTN)  > FysKam-Sektionen","Pubrunda Biljett","teF6NfZctNYtFOae","-","Emilia Voxlin"
"Julia Näslund","julia.naslund030@gmail.com","No cow milk","25 Sep 2026 12:17","Uppsala Universitet > Uppsala teknolog- och naturvetarkår (UTN)  > H-sektionen","Pubrunda Biljett","LRzCi7AlYKvEp8nK","-","Nils Fridén"
"Julia Struvert Staaf","jjulia.staaf@gmail.com","-","27 Sep 2026 00:06","Uppsala Universitet > Uppsala teknolog- och naturvetarkår (UTN)  > H-sektionen","Pubrunda Biljett","t078XgPsgyBxGKvI","-","Erik heder"
"Julius Höglund","julius.hoglund@gmail.com","-","25 Sep 2026 12:31","Uppsala Universitet > Uppsala teknolog- och naturvetarkår (UTN)  > H-sektionen","Pubrunda Biljett","O1DT4OtoM24GWQ32","-","Elliot Ellison"
"Karin Andersson Berger","karin.anderssonberger@gmail.com","-","25 Sep 2026 13:17","Uppsala Universitet > Uppsala teknolog- och naturvetarkår (UTN)  > H-sektionen","Pubrunda Biljett","bQo0OfwHEqHG0jRD","-","Linnea Stertzell"
"Karl Gill","karl.gill.5860@student.uu.se","-","25 Sep 2026 12:17","Uppsala Universitet > Uppsala teknolog- och naturvetarkår (UTN)  > BAS-sektionen","Pubrunda Biljett","xx8fuo9v1o0CQMv7","-","Gustav hårrskog"
"Karl Runebjörk","kallerunebjork@gmail.com","-","25 Sep 2026 14:24","Uppsala Universitet > Uppsala teknolog- och naturvetarkår (UTN)  > H-sektionen","Pubrunda Biljett","q0pJ0EFZVnAh90Rw","-","Alfred Didriksson"
"Kian Holmblad","kianholmblad@gmail.com","-","25 Sep 2026 13:13","Uppsala Universitet > Uppsala teknolog- och naturvetarkår (UTN)  > H-sektionen","Pubrunda Biljett","jCxwcGXbDDExSmyF","-","Isidor åkonor"
"kilian symes","kiliansymes@gmail.com","-","25 Sep 2026 12:16","Uppsala Universitet > Uppsala teknolog- och naturvetarkår (UTN)  > BAS-sektionen","Pubrunda Biljett","WLawn1WFxHgIioxA","-","Viggo nordström"
"Leah Wolski","leah.wolski@hotmail.com","-","25 Sep 2026 12:15","Uppsala Universitet > Uppsala teknolog- och naturvetarkår (UTN)  > H-sektionen","Pubrunda Biljett","ECV0J31SVlBv1gws","-","-"
"Leo Jonsson","leo.jonsson@hotmail.se","-","25 Sep 2026 12:44","Uppsala Universitet > Uppsala teknolog- och naturvetarkår (UTN)  > BAS-sektionen","Pubrunda Biljett","diwKaDIXeibEmtT0","-","Isak Sjöstrand"
"Liam Levin","liamlevin1@gmail.com","-","25 Sep 2026 12:18","Uppsala Universitet > Uppsala teknolog- och naturvetarkår (UTN)  > H-sektionen","Pubrunda Biljett","DepLQ5wPL0pvWB8z","-","Nils friden"
"Linnéa Gideonsson","linneag2004@gmail.com","-","25 Sep 2026 12:57","Uppsala Universitet > Uppsala teknolog- och naturvetarkår (UTN)  > H-sektionen","Pubrunda Biljett","YhoJF3moeOaEtmMa","-","BIDA"
"Linnea Häggström","linnea.haggstrom07@gmail.com","Inget","25 Sep 2026 13:52","Uppsala Universitet > Uppsala teknolog- och naturvetarkår (UTN)  > H-sektionen","Pubrunda Biljett","4InZ1Q5jGR2DdJTV","-","BIDA"
"Linnea Stertzell","linnea@stertzell.se","-","25 Sep 2026 12:51","Uppsala Universitet > Uppsala teknolog- och naturvetarkår (UTN)  > H-sektionen","Pubrunda Biljett","JEKKsMzsHlBkecpH","-","Samira Benjari"
"Linn Hjelmstedt","linn.hjelmstedt@gmail.com","-","25 Sep 2026 12:15","Uppsala Universitet > Medicinska sektionen > Medicinska Föreningen","Pubrunda Biljett","NNGKzgVoVvLKBukW","-","-"
"Lisa Gannholm Jonasson","lisa@gannholm.org","Laktosfritt","25 Sep 2026 14:26","Uppsala Universitet > Uppsala teknolog- och naturvetarkår (UTN)  > H-sektionen","Pubrunda Biljett","4jlMm66ipQj3xyI8","-","BIDA"
"Livia Jansson","27hkvzshnd@privaterelay.appleid.com","-","27 Sep 2026 19:10","Uppsala Universitet","Pubrunda Biljett","WTJMplQSUmG0DQQS","-","Tyra Åberg"
"Lovisa Hovberg","lovisa.hovberg@gmail.com","-","25 Sep 2026 12:15","Uppsala Universitet > Uppsala teknolog- och naturvetarkår (UTN)  > BAS-sektionen","Pubrunda Biljett","J2TWT78GbZlITEa4","-","Danijela"
"Lucas Blom","lucas.blom99@gmail.com","-","25 Sep 2026 12:15","Uppsala Universitet > Uppsala teknolog- och naturvetarkår (UTN)  > H-sektionen","Pubrunda Biljett","scZIxNQAXnCucqfC","-","Erik"
"Ludvig Löfgren","ludvig.lofgren@outlook.com","-","25 Sep 2026 13:01","Uppsala Universitet >  Annat / Other ","Pubrunda Biljett","xjD7CGDPumoiy9RE","-","Nils Russel"
"Ludvig sveronius","ludvig.sveronius@gmail.com","Inga","25 Sep 2026 12:15","Uppsala Universitet","Pubrunda Biljett","Fflfoy3wujREbhUI","-","Elliot"
"Ludwig Bergström","ludwigbergstrom03@gmail.com","-","27 Sep 2026 20:18","Uppsala Universitet >  Annat / Other ","Pubrunda Biljett","801rWkY34uRTizZF","-","William Bergman"
"Ludwig Zbinden","luddezbinden@gmail.com","-","27 Sep 2026 19:05","Uppsala Universitet > Uppsala teknolog- och naturvetarkår (UTN)  > H-sektionen","Pubrunda Biljett","iUUJhaxfFvmRw3GR","-","Livia Jansson"
"Marcus Jarl","marcus.jarl01@gmail.com","-","25 Sep 2026 12:22","Uppsala Universitet >  Annat / Other ","Pubrunda Biljett","EjN3ZkqMSl4NziLe","-","Leon Alexander"
"Märta Alm bylund","marta100@live.se","-","25 Sep 2026 12:17","Uppsala Universitet > Uppsala teknolog- och naturvetarkår (UTN)  > BÄR-Sektionen","Pubrunda Biljett","WwgEfWaD7ktecDEh","-","Signe Elf Boberg"
"Marta Jasko","marta.jasko10@gmail.com","-","25 Sep 2026 13:09","Uppsala Universitet > Uppsala teknolog- och naturvetarkår (UTN)  > H-sektionen","Pubrunda Biljett","7I7zWmw9Nf3cBb3T","-","Linnea Stertzell"
"Max Lindström","maxlindstrom002@gmail.com","-","25 Sep 2026 12:20","Uppsala Universitet > Uppsala teknolog- och naturvetarkår (UTN)  > H-sektionen","Pubrunda Biljett","f4O8LffmjFdkNO7n","-","-"
"Max Mortensen","max@managon.com","-","27 Sep 2026 21:06","Uppsala Universitet > Uppsala teknolog- och naturvetarkår (UTN)  > BAS-sektionen","Pubrunda Biljett","wsmOuk1XfCeFKEok","-","Fredrick Lundin"
"Meia Nygren","meia.nygren@gmail.com","Laktosfritt","25 Sep 2026 12:15","Uppsala Universitet > Uppsala teknolog- och naturvetarkår (UTN)  > H-sektionen","Pubrunda Biljett","XKpTygAs4TIdGBzC","-","Nils Fridén"
"Melvin Boussard","melvin.boussard@gmail.com","-","25 Sep 2026 12:31","Uppsala Universitet > Uppsala teknolog- och naturvetarkår (UTN)  > H-sektionen","Pubrunda Biljett","AdxQEDz5MqxFlCO9","-","Simon Medelberg"
"Melvin Jansson","melle.jansson@gmail.com","-","25 Sep 2026 12:15","Uppsala Universitet > Uppsala teknolog- och naturvetarkår (UTN)  > H-sektionen","Pubrunda Biljett","MAayv9n3keH5ZISa","-","Albin sunnerud"
"Melvin Karlsson","melvinkarlsson31@gmail.com","-","25 Sep 2026 13:33","Uppsala Universitet > Uppsala teknolog- och naturvetarkår (UTN)  > H-sektionen","Pubrunda Biljett","p6BYP2ik6SW4Qw73","-","Adam Hult"
"Moa Bergqvist","bergqvistmoa05@gmail.com","-","25 Sep 2026 12:15","Uppsala Universitet > Uppsala teknolog- och naturvetarkår (UTN)  > H-sektionen","Pubrunda Biljett","HHTvdTLwluwaTzxR","-","Felicia"
"Nellie Karlsson","nelliek2005@gmail.com","-","25 Sep 2026 12:17","Uppsala Universitet > Uppsala teknolog- och naturvetarkår (UTN)  > H-sektionen","Pubrunda Biljett","eOpMoshwXRdSmPMb","-","Signe Elf Boberg"
"Nicole Mihajlovic Åhs","nicole.mihajlovic-ahs.0137@student.uu.se","-","25 Sep 2026 12:15","Uppsala Universitet","Pubrunda Biljett","CksbPFBsev0WTw4b","-","-"
"Nils Fridén","nisse.friden@gmail.com","-","25 Sep 2026 15:48","Uppsala Universitet > Uppsala teknolog- och naturvetarkår (UTN)  > H-sektionen","Pubrunda Biljett","lVaIE1ZuBvxHDm5o","-","Nils"
"Nils Russell","russellnils@gmail.com","-","25 Sep 2026 13:02","Uppsala Universitet > Uppsala teknolog- och naturvetarkår (UTN)  > H-sektionen","Pubrunda Biljett","GKwmkdVFPOlmItrX","-","Ludvig Löfgren"
"Oliver Lagerström","oliver.lagerstroem@gmail.com","-","25 Sep 2026 14:27","Uppsala Universitet > Uppsala teknolog- och naturvetarkår (UTN)  > H-sektionen","Pubrunda Biljett","ZUXHIMLwaepcLP9A","-","-"
"Olle Öhlin","olleohlin05@gmail.com","-","25 Sep 2026 12:15","Uppsala Universitet > Uppsala teknolog- och naturvetarkår (UTN)  > H-sektionen","Pubrunda Biljett","z28H2k2eOTJLM9Hp","-","-"
"Oskar Erlandsson","y82ndd6wgb@privaterelay.appleid.com","-","26 Sep 2026 13:12","Uppsala Universitet > Uppsala teknolog- och naturvetarkår (UTN)  > H-sektionen","Pubrunda Biljett","Pjt3gXJPQ7QIWY4S","-","Benjamin Rendel"
"Othilia Öhman","othiliame@icloud.com","-","25 Sep 2026 12:16","Uppsala Universitet > Uppsala teknolog- och naturvetarkår (UTN)  > H-sektionen","Pubrunda Biljett","Uy3jXoLne5JyDSWk","-","Federica Varela"
"Patricia Lukasiewicz","patricialukasiewicz@gmail.com","-","25 Sep 2026 12:16","Uppsala Universitet > Uppsala teknolog- och naturvetarkår (UTN)  > H-sektionen","Pubrunda Biljett","jSgwquULgUPvXgyS","-","-"
"Per Frejd","per.frejd@gmail.com","-","25 Sep 2026 12:49","Uppsala Universitet > Uppsala teknolog- och naturvetarkår (UTN)  > H-sektionen","Pubrunda Biljett","2akRc8aeElZCJX3Q","-","Isak Sjöstrand"
"Per Kolseth","per.kolseth@srjmf.se","-","25 Sep 2026 12:16","Uppsala Universitet","Pubrunda Biljett","mnLVyOhLTV7DG0BU","-","Gustav Samuelsson"
"Peter Stirling","jedipt04@gmail.com","Ingen kyckling","25 Sep 2026 14:59","Uppsala Universitet > Uppsala teknolog- och naturvetarkår (UTN)  > H-sektionen","Pubrunda Biljett","jdhDSf19kQJk1pQA","-","Elin Krohné"
"Peter Wisell","peterkristofferwisell@gmail.com","-","25 Sep 2026 12:26","Uppsala Universitet > Uppsala teknolog- och naturvetarkår (UTN)  > H-sektionen","Pubrunda Biljett","3Xz8lUNaI5YkkZhI","-","Julius höglund"
"Petronella Rosencrantz","petronella.rosencrantz@gmail.com","Vegetarisk","25 Sep 2026 12:28","Uppsala Universitet >  Annat / Other ","Pubrunda Biljett","0ZkoYBTN5exst4NC","-","Elsa Wall"
"Rahmo Mohamed","rahmo004@hotmail.com","Vegetarian","27 Sep 2026 01:14","Uppsala Universitet > Uppsala teknolog- och naturvetarkår (UTN)  > H-sektionen","Pubrunda Biljett","r4s29V1x5Vil0glh","-","Peter Stirling"
"Rasmus Jansson","rasmus77990@gmail.com","-","25 Sep 2026 12:16","Uppsala Universitet >  Annat / Other ","Pubrunda Biljett","2iGfPQNs1CdEyhF4","-","William Bergman"
"Samira Benjari","samira.benjari@icloud.com","-","25 Sep 2026 12:47","Uppsala Universitet > Uppsala teknolog- och naturvetarkår (UTN)  > H-sektionen","Pubrunda Biljett","jEINhvjlHaQyIAab","-","Linnea Stertzell"
"Samuel Karlsson","karlsson.samuel407@gmail.com","-","25 Sep 2026 12:15","Uppsala Universitet > Uppsala teknolog- och naturvetarkår (UTN)  > H-sektionen","Pubrunda Biljett","pSuG6N2ONLIQXGtD","-","Nils Friden"
"Samuel Rosén Palmqvist","rosenpalm76@gmail.com","-","25 Sep 2026 13:34","Uppsala Universitet > Uppsala teknolog- och naturvetarkår (UTN)  > H-sektionen","Pubrunda Biljett","L7nntVLYwDqA2Oup","-","-"
"Sanna Borrman","sannaborrman@yahoo.com","-","25 Sep 2026 12:25","Uppsala Universitet > Uppsala teknolog- och naturvetarkår (UTN)  > H-sektionen","Pubrunda Biljett","20bEbf35CpknOJsU","-","Nils friden"
"Sanna Ekholm","liliekholm@gmail.com","-","25 Sep 2026 12:51","Uppsala Universitet > Uppsala teknolog- och naturvetarkår (UTN)  > H-sektionen","Pubrunda Biljett","6SKxyS4qdJ6eVCQA","-","Linnea Stertzell"
"Sebastian France","sebastianfrance123@gmail.com","-","25 Sep 2026 12:23","Uppsala Universitet > Uppsala teknolog- och naturvetarkår (UTN)  > H-sektionen","Pubrunda Biljett","JhWArmpMup09pRYo","-","Johnny Eriksson"
"Signe Elf Boberg","signe.elfboberg@gmail.com","-","25 Sep 2026 14:46","Uppsala Universitet > Uppsala teknolog- och naturvetarkår (UTN)  > H-sektionen","Pubrunda Biljett","rR9UyiX26G8we4SE","-","Märta"
"Sigrid Rosander Ljungberg","sigrid.rosander.ljungberg@gmail.com","-","25 Sep 2026 12:16","Uppsala Universitet > Uppsala teknolog- och naturvetarkår (UTN)  > H-sektionen","Pubrunda Biljett","nXZK6Uwo4Ya8VYRn","-","Felicia"
"Simon Lörinc","simon.lorinc03@gmail.com","-","25 Sep 2026 12:15","Uppsala Universitet > Uppsala teknolog- och naturvetarkår (UTN) ","Pubrunda Biljett","5tFSknQP8yfoNLyJ","-","Erik Heder"
"Simon Medelberg","simon.medelberg@gmail.com","-","25 Sep 2026 12:30","Uppsala Universitet > Uppsala teknolog- och naturvetarkår (UTN)  > H-sektionen","Pubrunda Biljett","8JIwqe9yXeYMjk8B","-","Melvin Boussard"
"Siri Hellblom","s.hellblom@gmail.com","-","25 Sep 2026 12:20","Uppsala Universitet > Uppsala teknolog- och naturvetarkår (UTN)  > H-sektionen","Pubrunda Biljett","nYbbykxUUXnMLg15","-","BIDA"
"Sixten Ekberg","ekbergsixten@gmail.com","-","25 Sep 2026 13:54","Uppsala Universitet > Uppsala teknolog- och naturvetarkår (UTN)  > H-sektionen","Pubrunda Biljett","ioO9APWHK9tfGira","-","Jonathan Bark"
"Sofia Sundström","sofiaasundstrom1030@hotmail.com","Vegeterian","25 Sep 2026 12:25","Uppsala Universitet > Uppsala teknolog- och naturvetarkår (UTN)  > H-sektionen","Pubrunda Biljett","G7RxVvaXHkpVXABm","-","BIDA"
"Svea Brasta","svea.brasta@gmail.com","Gluten","25 Sep 2026 12:17","Uppsala Universitet > Uppsala teknolog- och naturvetarkår (UTN)  > H-sektionen","Pubrunda Biljett","J7f4FXQi5hP0LkEh","-","Nils friden"
"Sven Nyström","sven.a.a.nystrom@gmail.com","-","25 Sep 2026 12:15","Uppsala Universitet > Uppsala teknolog- och naturvetarkår (UTN)  > H-sektionen","Pubrunda Biljett","U37RRqlOZc2SY0Xu","-","William Bergman"
"Teddy Lindfors Frimodig","teddy.frimodig@gmail.com","-","25 Sep 2026 14:44","Uppsala Universitet > Uppsala teknolog- och naturvetarkår (UTN)  > H-sektionen","Pubrunda Biljett","fjXdVNnTqiA6T0YE","-","-"
"Tindra Bergström","tindrb03@gmail.com","-","25 Sep 2026 13:11","Uppsala Universitet >  Annat / Other ","Pubrunda Biljett","Cc1bJJhovMCWXqfS","-","-"
"Tobias Andersson","tobiasandersson504@gmail.com","-","25 Sep 2026 12:37","Uppsala Universitet > Uppsala teknolog- och naturvetarkår (UTN)  > H-sektionen","Pubrunda Biljett","SjdbXnaic03hPZNu","-","William Bergman"
"Tuva Strand","tuva.strand04@gmail.com","-","25 Sep 2026 13:26","Uppsala Universitet > Uppsala teknolog- och naturvetarkår (UTN)  > H-sektionen","Pubrunda Biljett","frDIcZtn0yhipvhX","-","Bida💙"
"Tyra Åberg","tyra.aberg@icloud.com","Vegetarian","27 Sep 2026 18:36","Uppsala Universitet > Uppsala teknolog- och naturvetarkår (UTN)  > H-sektionen","Pubrunda Biljett","VfRcHiNGMQS1tYig","-","Livia Jansson"
"Ulrik Frändén","ulrikfranden@gmail.com","Något gott","25 Sep 2026 14:48","Uppsala Universitet > Uppsala teknolog- och naturvetarkår (UTN)  > H-sektionen","Pubrunda Biljett","J2T2n3rKSZcJs0vm","-","Alexander åkerbrant"
"Vendela Lind","lindvendela@gmail.com","Gluten allergiker","25 Sep 2026 12:16","Uppsala Universitet > Uppsala teknolog- och naturvetarkår (UTN)  > H-sektionen","Pubrunda Biljett","sgh4kzl9GEDSb7nS","-","Bella"
"Victor Richtnér","victor.richtner@icloud.com","-","25 Sep 2026 13:41","Uppsala Universitet > Uppsala teknolog- och naturvetarkår (UTN)  > H-sektionen","Pubrunda Biljett","hzBWYUE9otUAq0BJ","-","William Bergman"
"Viggo Nordström","pnwztwv9ch@privaterelay.appleid.com","-","25 Sep 2026 12:22","Uppsala Universitet > Uppsala teknolog- och naturvetarkår (UTN) ","Pubrunda Biljett","1BBK4d4sJnr3hHuF","-","Kilian"
"Vilma Duelien","vilma.duelien@gmail.com","-","25 Sep 2026 12:19","Uppsala Universitet > Uppsala teknolog- och naturvetarkår (UTN)  > H-sektionen","Pubrunda Biljett","5xs19qxqQOTIhfgR","-","Nils Friden"
"William Bergman","william-bergman@outlook.com","-","25 Sep 2026 12:15","Uppsala Universitet > Uppsala teknolog- och naturvetarkår (UTN)  > H-sektionen","Pubrunda Biljett","BxNGEJf1AbkRjfap","-","Sven Nyström"
